DepMap_ID,TP53,FLT3,NPM1
ACH-000001,Mut,WT,WT
ACH-000003,Mut,WT,WT
ACH-000004,Mut,WT,WT
ACH-000005,Mut,WT,WT
ACH-000006,Mut,Mut,WT
ACH-000009,Mut,WT,WT
ACH-000012,Mut,WT,WT
ACH-000013,Mut,WT,WT
ACH-000015,Mut,WT,WT
ACH-000017,Mut,WT,WT
ACH-000018,Mut,WT,WT
ACH-000021,Mut,WT,WT
ACH-000022,Mut,WT,WT
ACH-000023,Mut,WT,WT
ACH-000024,Mut,WT,WT
ACH-000029,Mut,WT,WT
ACH-000030,Mut,WT,WT
ACH-000031,Mut,WT,WT
ACH-000033,Mut,WT,WT
ACH-000035,Mut,WT,WT
ACH-000037,Mut,WT,WT
ACH-000040,Mut,WT,WT
ACH-000041,Mut,WT,WT
ACH-000042,Mut,WT,WT
ACH-000047,Mut,WT,WT
ACH-000048,Mut,WT,WT
ACH-000052,Mut,WT,WT
ACH-000053,Mut,WT,WT
ACH-000055,Mut,WT,WT
ACH-000057,Mut,WT,WT
ACH-000058,Mut,WT,WT
ACH-000060,Mut,WT,WT
ACH-000061,Mut,WT,WT
ACH-000062,Mut,WT,WT
ACH-000066,Mut,WT,WT
ACH-000067,Mut,WT,Mut
ACH-000068,Mut,WT,WT
ACH-000072,Mut,WT,WT
ACH-000074,Mut,WT,WT
ACH-000076,Mut,WT,WT
ACH-000079,Mut,WT,WT
ACH-000082,Mut,WT,WT
ACH-000085,Mut,WT,WT
ACH-000087,Mut,WT,WT
ACH-000089,Mut,WT,WT
ACH-000090,Mut,WT,WT
ACH-000091,Mut,WT,WT
ACH-000094,Mut,WT,WT
ACH-000096,Mut,WT,WT
ACH-000098,Mut,WT,WT
ACH-000100,Mut,WT,WT
ACH-000101,Mut,WT,WT
ACH-000102,Mut,WT,WT
ACH-000103,Mut,WT,WT
ACH-000104,Mut,WT,WT
ACH-000107,Mut,WT,WT
ACH-000108,Mut,Mut,WT
ACH-000109,Mut,WT,WT
ACH-000110,Mut,WT,WT
ACH-000111,Mut,WT,WT
ACH-000113,WT,Mut,WT
ACH-000114,Mut,WT,WT
ACH-000115,Mut,WT,WT
ACH-000116,Mut,WT,WT
ACH-000117,Mut,WT,WT
ACH-000118,Mut,WT,WT
ACH-000121,Mut,WT,WT
ACH-000122,Mut,WT,WT
ACH-000127,Mut,WT,WT
ACH-000128,Mut,WT,WT
ACH-000132,Mut,WT,WT
ACH-000133,Mut,WT,WT
ACH-000135,Mut,WT,WT
ACH-000137,Mut,WT,WT
ACH-000138,Mut,WT,WT
ACH-000141,Mut,WT,WT
ACH-000142,Mut,WT,WT
ACH-000143,Mut,WT,WT
ACH-000144,Mut,WT,WT
ACH-000145,Mut,WT,WT
ACH-000146,Mut,WT,WT
ACH-000147,Mut,WT,WT
ACH-000148,Mut,WT,WT
ACH-000150,Mut,WT,WT
ACH-000152,Mut,WT,WT
ACH-000155,Mut,WT,WT
ACH-000157,Mut,WT,WT
ACH-000162,Mut,WT,WT
ACH-000163,Mut,WT,WT
ACH-000164,Mut,WT,WT
ACH-000166,Mut,WT,WT
ACH-000168,Mut,WT,WT
ACH-000169,Mut,WT,WT
ACH-000171,Mut,WT,WT
ACH-000173,Mut,WT,WT
ACH-000174,Mut,WT,WT
ACH-000176,Mut,WT,WT
ACH-000179,Mut,WT,WT
ACH-000180,Mut,WT,WT
ACH-000183,Mut,WT,WT
ACH-000186,Mut,WT,WT
ACH-000187,Mut,WT,WT
ACH-000188,Mut,WT,WT
ACH-000190,Mut,WT,WT
ACH-000191,Mut,WT,WT
ACH-000192,Mut,WT,WT
ACH-000193,Mut,WT,WT
ACH-000195,Mut,WT,WT
ACH-000196,Mut,WT,WT
ACH-000197,Mut,WT,WT
ACH-000202,Mut,WT,WT
ACH-000204,Mut,WT,WT
ACH-000207,Mut,WT,WT
ACH-000208,Mut,WT,WT
ACH-000211,Mut,WT,WT
ACH-000212,Mut,WT,WT
ACH-000213,Mut,WT,WT
ACH-000215,Mut,WT,WT
ACH-000216,Mut,WT,WT
ACH-000217,Mut,WT,WT
ACH-000218,WT,Mut,WT
ACH-000220,Mut,WT,WT
ACH-000221,Mut,WT,WT
ACH-000222,Mut,WT,WT
ACH-000223,Mut,WT,WT
ACH-000225,Mut,WT,WT
ACH-000228,Mut,WT,WT
ACH-000231,Mut,WT,Mut
ACH-000232,Mut,WT,WT
ACH-000233,Mut,WT,WT
ACH-000235,Mut,WT,WT
ACH-000236,Mut,WT,WT
ACH-000237,Mut,WT,WT
ACH-000238,Mut,WT,WT
ACH-000239,Mut,WT,WT
ACH-000243,Mut,WT,WT
ACH-000245,Mut,WT,WT
ACH-000246,Mut,WT,WT
ACH-000247,Mut,WT,WT
ACH-000248,Mut,WT,WT
ACH-000249,Mut,WT,WT
ACH-000250,Mut,WT,WT
ACH-000251,Mut,WT,WT
ACH-000252,Mut,WT,WT
ACH-000254,Mut,WT,WT
ACH-000255,Mut,WT,WT
ACH-000256,Mut,WT,WT
ACH-000257,Mut,WT,WT
ACH-000259,Mut,WT,WT
ACH-000260,WT,Mut,WT
ACH-000261,Mut,WT,WT
ACH-000263,Mut,WT,WT
ACH-000264,Mut,WT,WT
ACH-000266,Mut,WT,WT
ACH-000268,Mut,WT,WT
ACH-000270,Mut,WT,WT
ACH-000271,Mut,WT,WT
ACH-000273,Mut,WT,WT
ACH-000276,Mut,WT,WT
ACH-000277,Mut,WT,WT
ACH-000278,Mut,WT,WT
ACH-000279,Mut,WT,WT
ACH-000281,Mut,WT,WT
ACH-000282,Mut,WT,WT
ACH-000285,Mut,WT,WT
ACH-000286,Mut,WT,WT
ACH-000287,Mut,WT,WT
ACH-000288,Mut,WT,WT
ACH-000290,Mut,WT,WT
ACH-000291,Mut,WT,WT
ACH-000292,Mut,WT,WT
ACH-000293,Mut,WT,WT
ACH-000294,Mut,WT,WT
ACH-000295,Mut,WT,WT
ACH-000296,Mut,WT,WT
ACH-000297,Mut,WT,WT
ACH-000298,Mut,WT,WT
ACH-000300,Mut,WT,WT
ACH-000301,Mut,WT,WT
ACH-000302,Mut,WT,WT
ACH-000303,Mut,WT,WT
ACH-000305,Mut,WT,WT
ACH-000307,Mut,WT,WT
ACH-000308,Mut,WT,WT
ACH-000309,Mut,WT,WT
ACH-000311,Mut,WT,WT
ACH-000312,Mut,WT,WT
ACH-000314,Mut,WT,WT
ACH-000315,Mut,WT,WT
ACH-000316,Mut,WT,WT
ACH-000318,Mut,WT,WT
ACH-000320,Mut,WT,WT
ACH-000321,Mut,WT,WT
ACH-000323,Mut,WT,WT
ACH-000325,Mut,WT,WT
ACH-000326,Mut,WT,WT
ACH-000328,Mut,WT,WT
ACH-000330,Mut,WT,WT
ACH-000331,Mut,WT,WT
ACH-000332,Mut,WT,WT
ACH-000333,Mut,WT,WT
ACH-000334,Mut,WT,WT
ACH-000336,WT,WT,Mut
ACH-000337,Mut,WT,WT
ACH-000338,Mut,WT,WT
ACH-000339,Mut,WT,WT
ACH-000340,Mut,WT,WT
ACH-000341,Mut,WT,WT
ACH-000342,Mut,WT,WT
ACH-000343,Mut,WT,WT
ACH-000344,Mut,WT,WT
ACH-000347,Mut,WT,WT
ACH-000348,Mut,WT,WT
ACH-000351,Mut,WT,WT
ACH-000353,Mut,WT,WT
ACH-000354,Mut,WT,WT
ACH-000355,Mut,WT,WT
ACH-000356,Mut,WT,WT
ACH-000357,Mut,WT,WT
ACH-000358,Mut,WT,WT
ACH-000360,Mut,WT,WT
ACH-000363,Mut,WT,WT
ACH-000365,Mut,WT,WT
ACH-000366,Mut,WT,WT
ACH-000368,Mut,WT,WT
ACH-000369,Mut,WT,WT
ACH-000370,Mut,WT,WT
ACH-000371,Mut,WT,WT
ACH-000372,Mut,WT,WT
ACH-000373,Mut,WT,WT
ACH-000374,Mut,WT,WT
ACH-000376,Mut,WT,WT
ACH-000377,Mut,WT,WT
ACH-000378,Mut,WT,WT
ACH-000379,Mut,WT,WT
ACH-000380,Mut,WT,WT
ACH-000381,Mut,WT,WT
ACH-000382,Mut,WT,WT
ACH-000383,Mut,WT,WT
ACH-000386,Mut,WT,WT
ACH-000387,Mut,Mut,WT
ACH-000388,Mut,WT,WT
ACH-000390,Mut,WT,WT
ACH-000391,Mut,WT,WT
ACH-000392,Mut,WT,WT
ACH-000393,Mut,WT,WT
ACH-000395,Mut,WT,WT
ACH-000396,Mut,WT,WT
ACH-000397,Mut,WT,WT
ACH-000398,Mut,WT,WT
ACH-000399,Mut,WT,WT
ACH-000401,Mut,WT,WT
ACH-000402,Mut,WT,WT
ACH-000403,Mut,WT,WT
ACH-000405,Mut,WT,WT
ACH-000406,Mut,WT,WT
ACH-000407,Mut,WT,WT
ACH-000408,Mut,WT,WT
ACH-000409,Mut,WT,WT
ACH-000410,WT,Mut,WT
ACH-000412,Mut,WT,WT
ACH-000415,Mut,WT,WT
ACH-000416,Mut,WT,WT
ACH-000418,Mut,WT,WT
ACH-000419,Mut,WT,WT
ACH-000420,Mut,WT,WT
ACH-000421,Mut,WT,WT
ACH-000422,Mut,WT,WT
ACH-000423,Mut,WT,WT
ACH-000424,Mut,WT,WT
ACH-000426,Mut,WT,WT
ACH-000427,Mut,WT,WT
ACH-000429,Mut,WT,WT
ACH-000430,Mut,WT,Mut
ACH-000431,Mut,WT,WT
ACH-000434,Mut,WT,WT
ACH-000435,Mut,WT,WT
ACH-000437,Mut,WT,WT
ACH-000438,Mut,WT,WT
ACH-000439,WT,Mut,WT
ACH-000440,Mut,WT,WT
ACH-000443,Mut,WT,WT
ACH-000445,Mut,WT,WT
ACH-000447,Mut,WT,WT
ACH-000451,Mut,WT,WT
ACH-000452,Mut,WT,WT
ACH-000453,Mut,WT,WT
ACH-000454,Mut,WT,WT
ACH-000455,Mut,WT,WT
ACH-000456,Mut,WT,WT
ACH-000458,Mut,WT,WT
ACH-000460,Mut,WT,WT
ACH-000461,Mut,WT,WT
ACH-000464,Mut,WT,WT
ACH-000466,Mut,WT,WT
ACH-000467,Mut,WT,WT
ACH-000469,Mut,WT,WT
ACH-000470,Mut,WT,WT
ACH-000472,Mut,WT,WT
ACH-000473,Mut,WT,WT
ACH-000475,Mut,Mut,WT
ACH-000476,Mut,WT,WT
ACH-000478,Mut,WT,WT
ACH-000480,Mut,WT,WT
ACH-000481,Mut,WT,WT
ACH-000482,Mut,WT,WT
ACH-000483,Mut,WT,WT
ACH-000484,Mut,WT,WT
ACH-000485,Mut,WT,WT
ACH-000487,Mut,WT,WT
ACH-000488,Mut,WT,WT
ACH-000489,Mut,WT,WT
ACH-000491,Mut,WT,WT
ACH-000493,Mut,WT,WT
ACH-000496,Mut,WT,WT
ACH-000498,Mut,WT,WT
ACH-000499,Mut,WT,WT
ACH-000500,Mut,WT,WT
ACH-000501,Mut,WT,WT
ACH-000502,Mut,WT,WT
ACH-000503,Mut,WT,WT
ACH-000504,Mut,WT,WT
ACH-000505,Mut,WT,WT
ACH-000506,Mut,WT,WT
ACH-000507,Mut,WT,WT
ACH-000508,Mut,WT,WT
ACH-000509,Mut,WT,WT
ACH-000512,Mut,WT,WT
ACH-000514,Mut,WT,WT
ACH-000515,Mut,WT,WT
ACH-000516,Mut,WT,WT
ACH-000517,Mut,WT,WT
ACH-000518,Mut,WT,WT
ACH-000519,Mut,WT,WT
ACH-000520,Mut,WT,WT
ACH-000521,Mut,WT,WT
ACH-000522,Mut,WT,WT
ACH-000523,Mut,WT,WT
ACH-000524,Mut,WT,Mut
ACH-000525,Mut,WT,WT
ACH-000528,Mut,Mut,WT
ACH-000530,Mut,WT,WT
ACH-000532,Mut,WT,WT
ACH-000534,Mut,Mut,WT
ACH-000535,Mut,WT,WT
ACH-000536,Mut,WT,WT
ACH-000537,Mut,WT,WT
ACH-000541,Mut,WT,WT
ACH-000543,Mut,Mut,WT
ACH-000544,Mut,WT,WT
ACH-000545,Mut,WT,WT
ACH-000546,Mut,WT,WT
ACH-000548,Mut,WT,WT
ACH-000549,Mut,WT,WT
ACH-000550,Mut,WT,WT
ACH-000551,Mut,WT,WT
ACH-000552,Mut,WT,WT
ACH-000553,Mut,WT,WT
ACH-000554,Mut,WT,WT
ACH-000557,Mut,WT,WT
ACH-000559,Mut,Mut,WT
ACH-000561,Mut,WT,WT
ACH-000562,Mut,WT,WT
ACH-000563,Mut,WT,WT
ACH-000565,Mut,WT,WT
ACH-000566,Mut,WT,WT
ACH-000567,Mut,WT,WT
ACH-000570,Mut,WT,WT
ACH-000571,Mut,WT,WT
ACH-000573,Mut,WT,WT
ACH-000574,Mut,WT,WT
ACH-000575,Mut,WT,WT
ACH-000576,Mut,WT,WT
ACH-000577,Mut,WT,WT
ACH-000578,Mut,Mut,WT
ACH-000581,Mut,WT,WT
ACH-000582,Mut,WT,WT
ACH-000583,Mut,WT,WT
ACH-000584,Mut,WT,WT
ACH-000585,Mut,WT,WT
ACH-000586,Mut,WT,WT
ACH-000587,Mut,WT,WT
ACH-000588,Mut,WT,WT
ACH-000589,Mut,WT,WT
ACH-000590,Mut,WT,WT
ACH-000591,Mut,WT,WT
ACH-000592,Mut,WT,WT
ACH-000593,Mut,WT,WT
ACH-000594,Mut,WT,WT
ACH-000595,Mut,WT,WT
ACH-000596,Mut,WT,WT
ACH-000598,WT,Mut,WT
ACH-000599,Mut,WT,WT
ACH-000601,Mut,WT,WT
ACH-000603,Mut,WT,WT
ACH-000604,Mut,WT,WT
ACH-000605,Mut,WT,WT
ACH-000606,Mut,WT,WT
ACH-000608,Mut,WT,WT
ACH-000610,Mut,WT,WT
ACH-000611,Mut,WT,WT
ACH-000613,Mut,WT,WT
ACH-000614,Mut,WT,WT
ACH-000615,Mut,WT,WT
ACH-000616,Mut,WT,WT
ACH-000617,Mut,WT,WT
ACH-000618,Mut,WT,WT
ACH-000619,Mut,WT,WT
ACH-000621,Mut,WT,WT
ACH-000622,Mut,WT,WT
ACH-000623,Mut,WT,WT
ACH-000624,Mut,WT,WT
ACH-000626,Mut,WT,WT
ACH-000627,Mut,WT,WT
ACH-000628,Mut,WT,WT
ACH-000630,Mut,WT,WT
ACH-000632,Mut,WT,WT
ACH-000633,Mut,WT,WT
ACH-000634,Mut,WT,WT
ACH-000635,Mut,WT,WT
ACH-000636,Mut,WT,WT
ACH-000637,Mut,WT,WT
ACH-000638,Mut,WT,WT
ACH-000639,Mut,WT,WT
ACH-000641,Mut,WT,WT
ACH-000643,Mut,WT,WT
ACH-000647,Mut,WT,WT
ACH-000649,Mut,WT,WT
ACH-000650,Mut,WT,WT
ACH-000651,Mut,WT,WT
ACH-000652,Mut,WT,WT
ACH-000654,Mut,WT,WT
ACH-000655,Mut,WT,WT
ACH-000656,Mut,WT,WT
ACH-000659,Mut,WT,WT
ACH-000664,Mut,WT,WT
ACH-000665,Mut,WT,WT
ACH-000666,Mut,WT,WT
ACH-000667,Mut,WT,WT
ACH-000668,Mut,WT,WT
ACH-000669,Mut,WT,WT
ACH-000670,Mut,WT,WT
ACH-000671,Mut,WT,WT
ACH-000672,Mut,WT,WT
ACH-000673,Mut,WT,WT
ACH-000675,Mut,WT,WT
ACH-000676,Mut,WT,WT
ACH-000678,Mut,WT,WT
ACH-000679,Mut,WT,WT
ACH-000680,Mut,WT,WT
ACH-000681,WT,Mut,WT
ACH-000682,Mut,WT,WT
ACH-000683,Mut,WT,WT
ACH-000685,Mut,WT,WT
ACH-000686,Mut,WT,WT
ACH-000687,Mut,WT,WT
ACH-000688,Mut,WT,WT
ACH-000690,Mut,WT,WT
ACH-000691,Mut,WT,WT
ACH-000692,Mut,WT,WT
ACH-000693,Mut,WT,WT
ACH-000694,Mut,WT,WT
ACH-000695,Mut,Mut,WT
ACH-000696,Mut,WT,WT
ACH-000698,Mut,WT,WT
ACH-000699,Mut,WT,WT
ACH-000700,Mut,WT,WT
ACH-000701,Mut,WT,WT
ACH-000703,Mut,WT,WT
ACH-000705,Mut,WT,WT
ACH-000706,Mut,WT,WT
ACH-000707,Mut,WT,WT
ACH-000710,Mut,WT,WT
ACH-000711,Mut,WT,WT
ACH-000712,Mut,WT,WT
ACH-000713,Mut,WT,WT
ACH-000715,Mut,WT,WT
ACH-000716,Mut,WT,WT
ACH-000717,Mut,WT,WT
ACH-000718,Mut,WT,WT
ACH-000720,Mut,WT,WT
ACH-000721,Mut,WT,WT
ACH-000722,Mut,WT,WT
ACH-000723,Mut,WT,WT
ACH-000724,Mut,WT,WT
ACH-000725,Mut,WT,WT
ACH-000726,Mut,WT,WT
ACH-000727,Mut,WT,WT
ACH-000728,Mut,WT,WT
ACH-000729,Mut,WT,WT
ACH-000731,Mut,WT,WT
ACH-000732,Mut,WT,WT
ACH-000733,Mut,WT,WT
ACH-000734,Mut,WT,WT
ACH-000736,Mut,WT,WT
ACH-000738,Mut,WT,WT
ACH-000740,Mut,WT,WT
ACH-000741,Mut,WT,WT
ACH-000743,Mut,WT,WT
ACH-000744,Mut,WT,WT
ACH-000746,Mut,WT,WT
ACH-000747,Mut,WT,WT
ACH-000748,Mut,WT,WT
ACH-000749,Mut,WT,WT
ACH-000751,Mut,WT,WT
ACH-000752,Mut,WT,WT
ACH-000753,Mut,WT,WT
ACH-000756,Mut,WT,WT
ACH-000758,Mut,WT,WT
ACH-000761,Mut,WT,WT
ACH-000762,Mut,WT,WT
ACH-000764,Mut,WT,WT
ACH-000765,Mut,WT,WT
ACH-000766,Mut,WT,WT
ACH-000767,Mut,WT,WT
ACH-000768,Mut,WT,WT
ACH-000769,Mut,WT,WT
ACH-000770,Mut,WT,WT
ACH-000771,Mut,WT,WT
ACH-000774,Mut,WT,WT
ACH-000775,Mut,WT,WT
ACH-000777,Mut,WT,WT
ACH-000778,Mut,WT,WT
ACH-000779,Mut,WT,WT
ACH-000780,Mut,WT,WT
ACH-000781,Mut,WT,WT
ACH-000782,Mut,WT,WT
ACH-000783,Mut,WT,WT
ACH-000784,Mut,WT,WT
ACH-000785,Mut,WT,WT
ACH-000786,Mut,Mut,WT
ACH-000787,Mut,WT,WT
ACH-000788,Mut,WT,WT
ACH-000789,Mut,WT,WT
ACH-000790,Mut,WT,WT
ACH-000791,Mut,WT,WT
ACH-000792,Mut,WT,WT
ACH-000794,Mut,WT,WT
ACH-000795,Mut,Mut,WT
ACH-000798,Mut,WT,WT
ACH-000800,Mut,WT,WT
ACH-000802,Mut,WT,WT
ACH-000803,Mut,Mut,WT
ACH-000807,Mut,WT,WT
ACH-000808,Mut,WT,WT
ACH-000809,Mut,Mut,WT
ACH-000810,Mut,WT,WT
ACH-000811,Mut,Mut,WT
ACH-000812,Mut,WT,WT
ACH-000813,Mut,WT,WT
ACH-000816,Mut,WT,WT
ACH-000817,Mut,WT,WT
ACH-000818,Mut,WT,WT
ACH-000819,Mut,WT,WT
ACH-000820,Mut,WT,WT
ACH-000821,Mut,WT,WT
ACH-000823,Mut,WT,WT
ACH-000824,Mut,Mut,WT
ACH-000825,Mut,WT,WT
ACH-000826,Mut,WT,WT
ACH-000830,Mut,WT,WT
ACH-000832,Mut,WT,WT
ACH-000833,Mut,Mut,WT
ACH-000834,Mut,WT,WT
ACH-000835,Mut,WT,WT
ACH-000836,Mut,WT,WT
ACH-000837,Mut,Mut,WT
ACH-000839,Mut,WT,WT
ACH-000840,Mut,WT,WT
ACH-000841,Mut,WT,WT
ACH-000842,Mut,WT,WT
ACH-000843,Mut,WT,WT
ACH-000844,Mut,Mut,WT
ACH-000845,Mut,WT,WT
ACH-000846,Mut,WT,WT
ACH-000847,Mut,WT,WT
ACH-000848,Mut,Mut,WT
ACH-000849,Mut,WT,WT
ACH-000851,Mut,WT,WT
ACH-000852,Mut,WT,WT
ACH-000853,Mut,WT,WT
ACH-000854,Mut,WT,WT
ACH-000855,Mut,WT,WT
ACH-000857,Mut,WT,WT
ACH-000858,Mut,WT,WT
ACH-000859,Mut,WT,WT
ACH-000861,Mut,WT,WT
ACH-000862,Mut,WT,WT
ACH-000864,Mut,WT,WT
ACH-000865,Mut,WT,WT
ACH-000866,Mut,WT,WT
ACH-000867,Mut,WT,WT
ACH-000868,Mut,WT,WT
ACH-000869,Mut,Mut,WT
ACH-000870,Mut,WT,WT
ACH-000871,Mut,WT,WT
ACH-000872,Mut,WT,WT
ACH-000873,Mut,WT,WT
ACH-000875,Mut,WT,WT
ACH-000876,Mut,WT,WT
ACH-000877,Mut,WT,WT
ACH-000878,Mut,WT,WT
ACH-000879,Mut,WT,WT
ACH-000882,WT,Mut,WT
ACH-000883,Mut,WT,WT
ACH-000884,Mut,Mut,WT
ACH-000886,Mut,WT,WT
ACH-000887,Mut,WT,WT
ACH-000888,Mut,WT,WT
ACH-000889,Mut,WT,WT
ACH-000890,Mut,WT,WT
ACH-000891,Mut,Mut,WT
ACH-000893,Mut,WT,WT
ACH-000894,Mut,WT,WT
ACH-000895,Mut,WT,WT
ACH-000896,Mut,WT,WT
ACH-000897,Mut,WT,WT
ACH-000900,Mut,Mut,WT
ACH-000901,Mut,Mut,WT
ACH-000902,Mut,WT,WT
ACH-000903,Mut,WT,WT
ACH-000904,Mut,WT,WT
ACH-000905,Mut,WT,WT
ACH-000906,Mut,WT,WT
ACH-000907,Mut,WT,WT
ACH-000911,Mut,WT,WT
ACH-000912,Mut,WT,WT
ACH-000913,Mut,WT,WT
ACH-000914,Mut,WT,WT
ACH-000915,Mut,Mut,WT
ACH-000916,Mut,WT,WT
ACH-000917,Mut,WT,WT
ACH-000918,Mut,WT,WT
ACH-000920,Mut,WT,WT
ACH-000921,Mut,WT,WT
ACH-000923,Mut,Mut,WT
ACH-000924,Mut,Mut,WT
ACH-000926,Mut,WT,WT
ACH-000927,Mut,WT,WT
ACH-000929,Mut,WT,WT
ACH-000930,Mut,WT,WT
ACH-000931,Mut,WT,WT
ACH-000934,Mut,WT,WT
ACH-000936,Mut,WT,WT
ACH-000937,Mut,WT,WT
ACH-000939,Mut,WT,WT
ACH-000940,Mut,WT,WT
ACH-000941,Mut,Mut,WT
ACH-000942,Mut,WT,WT
ACH-000944,Mut,WT,WT
ACH-000945,Mut,Mut,WT
ACH-000947,Mut,WT,WT
ACH-000949,Mut,WT,WT
ACH-000951,Mut,WT,WT
ACH-000953,Mut,WT,WT
ACH-000954,Mut,WT,Mut
ACH-000955,Mut,WT,WT
ACH-000956,Mut,Mut,WT
ACH-000959,Mut,WT,WT
ACH-000960,Mut,WT,WT
ACH-000961,Mut,WT,Mut
ACH-000962,Mut,WT,WT
ACH-000963,Mut,WT,WT
ACH-000965,Mut,Mut,WT
ACH-000966,Mut,Mut,WT
ACH-000967,Mut,WT,WT
ACH-000969,Mut,WT,WT
ACH-000970,Mut,WT,WT
ACH-000971,WT,Mut,WT
ACH-000972,Mut,WT,WT
ACH-000973,Mut,WT,Mut
ACH-000974,WT,Mut,WT
ACH-000975,Mut,WT,WT
ACH-000976,Mut,WT,WT
ACH-000977,WT,Mut,WT
ACH-000978,Mut,Mut,WT
ACH-000979,Mut,WT,WT
ACH-000980,Mut,WT,WT
ACH-000981,Mut,WT,WT
ACH-000982,WT,Mut,WT
ACH-000983,Mut,WT,WT
ACH-000984,Mut,Mut,WT
ACH-000985,Mut,Mut,WT
ACH-000986,Mut,Mut,WT
ACH-000987,Mut,WT,WT
ACH-000988,Mut,WT,WT
ACH-000990,Mut,Mut,WT
ACH-000991,Mut,Mut,WT
ACH-000992,Mut,WT,WT
ACH-000993,Mut,WT,WT
ACH-000994,Mut,WT,WT
ACH-000995,Mut,Mut,WT
ACH-000996,Mut,WT,WT
ACH-000997,Mut,WT,WT
ACH-000999,Mut,Mut,Mut
ACH-001001,Mut,WT,WT
ACH-001002,Mut,WT,WT
ACH-001016,Mut,WT,WT
ACH-001023,Mut,Mut,WT
ACH-001024,Mut,WT,WT
ACH-001028,Mut,WT,WT
ACH-001029,Mut,WT,WT
ACH-001032,Mut,WT,WT
ACH-001035,Mut,WT,WT
ACH-001036,Mut,WT,WT
ACH-001038,Mut,WT,WT
ACH-001039,Mut,WT,WT
ACH-001041,Mut,WT,WT
ACH-001043,Mut,WT,WT
ACH-001044,Mut,WT,WT
ACH-001047,Mut,WT,WT
ACH-001048,Mut,WT,WT
ACH-001049,Mut,WT,WT
ACH-001053,Mut,WT,WT
ACH-001060,Mut,WT,WT
ACH-001061,Mut,WT,WT
ACH-001063,Mut,WT,WT
ACH-001064,Mut,WT,WT
ACH-001065,Mut,WT,WT
ACH-001066,Mut,WT,WT
ACH-001072,Mut,WT,WT
ACH-001081,Mut,Mut,WT
ACH-001089,Mut,WT,WT
ACH-001090,Mut,WT,WT
ACH-001094,Mut,WT,WT
ACH-001098,Mut,WT,WT
ACH-001100,Mut,WT,WT
ACH-001106,Mut,WT,WT
ACH-001107,Mut,WT,WT
ACH-001113,Mut,WT,WT
ACH-001118,Mut,WT,WT
ACH-001125,Mut,WT,WT
ACH-001126,Mut,WT,WT
ACH-001127,Mut,Mut,WT
ACH-001129,Mut,Mut,WT
ACH-001130,Mut,WT,WT
ACH-001131,Mut,WT,WT
ACH-001132,Mut,WT,WT
ACH-001136,Mut,WT,WT
ACH-001137,Mut,WT,WT
ACH-001138,Mut,WT,WT
ACH-001143,Mut,WT,WT
ACH-001145,Mut,WT,WT
ACH-001147,Mut,WT,WT
ACH-001162,Mut,WT,WT
ACH-001163,Mut,WT,WT
ACH-001172,Mut,WT,WT
ACH-001183,Mut,WT,WT
ACH-001190,Mut,WT,WT
ACH-001192,Mut,WT,WT
ACH-001193,Mut,WT,WT
ACH-001194,Mut,WT,WT
ACH-001196,Mut,WT,WT
ACH-001197,Mut,WT,WT
ACH-001199,Mut,WT,WT
ACH-001201,Mut,WT,WT
ACH-001206,Mut,WT,WT
ACH-001208,Mut,WT,WT
ACH-001214,Mut,WT,WT
ACH-001230,Mut,WT,WT
ACH-001232,Mut,WT,WT
ACH-001233,Mut,WT,WT
ACH-001234,Mut,WT,WT
ACH-001277,Mut,WT,WT
ACH-001280,Mut,WT,WT
ACH-001283,Mut,WT,WT
ACH-001306,Mut,WT,WT
ACH-001307,Mut,WT,WT
ACH-001318,Mut,WT,WT
ACH-001328,Mut,WT,WT
ACH-001332,Mut,WT,WT
ACH-001333,Mut,WT,WT
ACH-001339,Mut,WT,WT
ACH-001340,Mut,WT,WT
ACH-001345,WT,Mut,WT
ACH-001346,Mut,WT,WT
ACH-001347,Mut,WT,WT
ACH-001350,Mut,WT,WT
ACH-001353,Mut,WT,WT
ACH-001354,Mut,WT,WT
ACH-001355,Mut,WT,WT
ACH-001356,Mut,WT,WT
ACH-001358,Mut,WT,WT
ACH-001362,Mut,WT,WT
ACH-001363,Mut,WT,WT
ACH-001364,Mut,Mut,WT
ACH-001365,Mut,WT,WT
ACH-001366,Mut,WT,WT
ACH-001368,Mut,WT,WT
ACH-001369,Mut,WT,WT
ACH-001370,Mut,WT,WT
ACH-001373,Mut,WT,WT
ACH-001375,Mut,WT,WT
ACH-001376,Mut,WT,WT
ACH-001379,Mut,WT,WT
ACH-001380,Mut,WT,WT
ACH-001382,Mut,WT,WT
ACH-001384,Mut,WT,WT
ACH-001386,Mut,WT,WT
ACH-001389,Mut,WT,WT
ACH-001390,Mut,WT,WT
ACH-001391,Mut,WT,WT
ACH-001392,Mut,WT,WT
ACH-001393,Mut,WT,WT
ACH-001394,Mut,WT,WT
ACH-001395,Mut,WT,WT
ACH-001396,Mut,WT,WT
ACH-001399,Mut,WT,WT
ACH-001400,Mut,WT,WT
ACH-001401,Mut,WT,WT
ACH-001403,Mut,WT,WT
ACH-001407,Mut,WT,WT
ACH-001408,Mut,WT,WT
ACH-001409,Mut,WT,WT
ACH-001410,Mut,WT,WT
ACH-001411,Mut,WT,WT
ACH-001412,Mut,WT,WT
ACH-001413,WT,Mut,WT
ACH-001415,Mut,WT,WT
ACH-001416,Mut,WT,WT
ACH-001417,Mut,WT,WT
ACH-001418,Mut,WT,WT
ACH-001419,Mut,WT,WT
ACH-001421,Mut,WT,WT
ACH-001433,Mut,WT,WT
ACH-001442,Mut,WT,WT
ACH-001443,Mut,WT,WT
ACH-001450,Mut,WT,WT
ACH-001454,WT,Mut,WT
ACH-001458,Mut,WT,WT
ACH-001459,Mut,WT,WT
ACH-001460,Mut,WT,WT
ACH-001489,Mut,WT,WT
ACH-001490,Mut,WT,WT
ACH-001494,Mut,WT,WT
ACH-001495,Mut,WT,WT
ACH-001496,Mut,WT,WT
ACH-001497,Mut,WT,WT
ACH-001498,Mut,Mut,WT
ACH-001500,Mut,WT,WT
ACH-001509,Mut,WT,WT
ACH-001510,Mut,WT,WT
ACH-001513,Mut,WT,WT
ACH-001517,Mut,Mut,WT
ACH-001521,Mut,WT,WT
ACH-001523,Mut,WT,WT
ACH-001525,Mut,WT,WT
ACH-001533,Mut,WT,WT
ACH-001538,Mut,WT,WT
ACH-001539,Mut,WT,WT
ACH-001541,Mut,WT,WT
ACH-001542,Mut,WT,WT
ACH-001543,Mut,WT,WT
ACH-001544,Mut,WT,WT
ACH-001549,Mut,WT,WT
ACH-001550,Mut,Mut,WT
ACH-001551,Mut,WT,WT
ACH-001552,Mut,WT,WT
ACH-001559,Mut,WT,WT
ACH-001569,Mut,WT,WT
ACH-001573,Mut,WT,WT
ACH-001578,Mut,WT,Mut
ACH-001591,Mut,WT,WT
ACH-001599,Mut,WT,WT
ACH-001605,Mut,WT,WT
ACH-001606,Mut,WT,WT
ACH-001607,Mut,WT,WT
ACH-001608,Mut,WT,WT
ACH-001609,Mut,WT,WT
ACH-001610,Mut,WT,WT
ACH-001617,Mut,WT,WT
ACH-001618,Mut,WT,WT
ACH-001619,Mut,WT,WT
ACH-001623,Mut,Mut,WT
ACH-001625,Mut,WT,WT
ACH-001626,Mut,WT,WT
ACH-001630,Mut,WT,WT
ACH-001632,Mut,WT,WT
ACH-001636,Mut,WT,WT
ACH-001639,Mut,WT,WT
ACH-001641,Mut,WT,WT
ACH-001647,Mut,WT,WT
ACH-001653,Mut,WT,WT
ACH-001654,Mut,WT,WT
ACH-001655,Mut,WT,WT
ACH-001656,Mut,WT,WT
ACH-001669,Mut,WT,WT
ACH-001670,Mut,WT,WT
ACH-001673,Mut,WT,WT
ACH-001674,Mut,WT,WT
ACH-001680,Mut,WT,WT
ACH-001694,Mut,WT,WT
ACH-001696,Mut,WT,WT
ACH-001698,Mut,WT,WT
ACH-001699,Mut,WT,WT
ACH-001701,Mut,WT,WT
ACH-001711,Mut,WT,WT
ACH-001719,Mut,WT,WT
ACH-001735,Mut,WT,WT
ACH-001736,Mut,Mut,WT
ACH-001737,WT,Mut,WT
ACH-001738,Mut,Mut,WT
ACH-001740,Mut,WT,WT
ACH-001745,Mut,Mut,WT
ACH-001765,Mut,WT,WT
